Index,C,Score,coef0,degree,gamma
0,1.0,0.568,0.0,1,0.01
1,1.0,0.5846666666666667,0.0,1,0.013510667516017707
2,1.0,0.626,0.0,1,0.018253813672837616
3,1.0,0.5670000000000001,0.0,1,0.0246621207433047
4,1.0,0.6083333333333333,0.0,1,0.033320171360267346
5,1.0,0.6243333333333334,0.0,1,0.04501777568253076
6,1.0,0.6573333333333333,0.0,1,0.06082201995573401
7,1.0,0.649,0.0,1,0.08217460892745167
8,1.0,0.649,0.0,1,0.11102338194775797
9,1.0,0.633,0.0,1,0.15
10,1.0,0.576,0.0,2,0.01
11,1.0,0.576,0.0,2,0.013510667516017707
12,1.0,0.576,0.0,2,0.018253813672837616
13,1.0,0.576,0.0,2,0.0246621207433047
14,1.0,0.576,0.0,2,0.033320171360267346
15,1.0,0.576,0.0,2,0.04501777568253076
16,1.0,0.6256666666666667,0.0,2,0.06082201995573401
17,1.0,0.625,0.0,2,0.08217460892745167
18,1.0,0.6166666666666667,0.0,2,0.11102338194775797
19,1.0,0.65,0.0,2,0.15
20,1.0,0.584,0.0,3,0.01
21,1.0,0.584,0.0,3,0.013510667516017707
22,1.0,0.584,0.0,3,0.018253813672837616
23,1.0,0.584,0.0,3,0.0246621207433047
24,1.0,0.584,0.0,3,0.033320171360267346
25,1.0,0.584,0.0,3,0.04501777568253076
26,1.0,0.584,0.0,3,0.06082201995573401
27,1.0,0.6006666666666667,0.0,3,0.08217460892745167
28,1.0,0.6093333333333334,0.0,3,0.11102338194775797
29,1.0,0.6173333333333334,0.0,3,0.15
30,1.0,0.568,1.5,1,0.01
31,1.0,0.5846666666666667,1.5,1,0.013510667516017707
32,1.0,0.626,1.5,1,0.018253813672837616
33,1.0,0.5670000000000001,1.5,1,0.0246621207433047
34,1.0,0.6083333333333333,1.5,1,0.033320171360267346
35,1.0,0.6243333333333334,1.5,1,0.04501777568253076
36,1.0,0.6573333333333333,1.5,1,0.06082201995573401
37,1.0,0.649,1.5,1,0.08217460892745167
38,1.0,0.649,1.5,1,0.11102338194775797
39,1.0,0.633,1.5,1,0.15
40,1.0,0.5916666666666667,1.5,2,0.01
41,1.0,0.5996666666666667,1.5,2,0.013510667516017707
42,1.0,0.649,1.5,2,0.018253813672837616
43,1.0,0.6573333333333333,1.5,2,0.0246621207433047
44,1.0,0.6573333333333333,1.5,2,0.033320171360267346
45,1.0,0.633,1.5,2,0.04501777568253076
46,1.0,0.641,1.5,2,0.06082201995573401
47,1.0,0.649,1.5,2,0.08217460892745167
48,1.0,0.6493333333333333,1.5,2,0.11102338194775797
49,1.0,0.6493333333333333,1.5,2,0.15
50,1.0,0.6823333333333333,1.5,3,0.01
51,1.0,0.6573333333333333,1.5,3,0.013510667516017707
52,1.0,0.6406666666666667,1.5,3,0.018253813672837616
53,1.0,0.6246666666666666,1.5,3,0.0246621207433047
54,1.0,0.649,1.5,3,0.033320171360267346
55,1.0,0.6576666666666666,1.5,3,0.04501777568253076
56,1.0,0.641,1.5,3,0.06082201995573401
57,1.0,0.65,1.5,3,0.08217460892745167
58,1.0,0.642,1.5,3,0.11102338194775797
59,1.0,0.7076666666666667,1.5,3,0.15
60,1.0,0.568,3.0,1,0.01
61,1.0,0.5846666666666667,3.0,1,0.013510667516017707
62,1.0,0.626,3.0,1,0.018253813672837616
63,1.0,0.5670000000000001,3.0,1,0.0246621207433047
64,1.0,0.6083333333333333,3.0,1,0.033320171360267346
65,1.0,0.6243333333333334,3.0,1,0.04501777568253076
66,1.0,0.6573333333333333,3.0,1,0.06082201995573401
67,1.0,0.649,3.0,1,0.08217460892745167
68,1.0,0.649,3.0,1,0.11102338194775797
69,1.0,0.633,3.0,1,0.15
70,1.0,0.649,3.0,2,0.01
71,1.0,0.6573333333333333,3.0,2,0.013510667516017707
72,1.0,0.649,3.0,2,0.018253813672837616
73,1.0,0.633,3.0,2,0.0246621207433047
74,1.0,0.625,3.0,2,0.033320171360267346
75,1.0,0.666,3.0,2,0.04501777568253076
76,1.0,0.6826666666666666,3.0,2,0.06082201995573401
77,1.0,0.6826666666666666,3.0,2,0.08217460892745167
78,1.0,0.6666666666666666,3.0,2,0.11102338194775797
79,1.0,0.6413333333333333,3.0,2,0.15
80,1.0,0.6496666666666666,3.0,3,0.01
81,1.0,0.6746666666666666,3.0,3,0.013510667516017707
82,1.0,0.6826666666666666,3.0,3,0.018253813672837616
83,1.0,0.6826666666666666,3.0,3,0.0246621207433047
84,1.0,0.6666666666666666,3.0,3,0.033320171360267346
85,1.0,0.6413333333333333,3.0,3,0.04501777568253076
86,1.0,0.6253333333333333,3.0,3,0.06082201995573401
87,1.0,0.617,3.0,3,0.08217460892745167
88,1.0,0.6913333333333334,3.0,3,0.11102338194775797
89,1.0,0.756,3.0,3,0.15
90,1.801648230654411,0.626,0.0,1,0.01
91,1.801648230654411,0.5586666666666666,0.0,1,0.013510667516017707
92,1.801648230654411,0.6083333333333333,0.0,1,0.018253813672837616
93,1.801648230654411,0.616,0.0,1,0.0246621207433047
94,1.801648230654411,0.649,0.0,1,0.033320171360267346
95,1.801648230654411,0.649,0.0,1,0.04501777568253076
96,1.801648230654411,0.649,0.0,1,0.06082201995573401
97,1.801648230654411,0.633,0.0,1,0.08217460892745167
98,1.801648230654411,0.609,0.0,1,0.11102338194775797
99,1.801648230654411,0.6416666666666666,0.0,1,0.15
100,1.801648230654411,0.576,0.0,2,0.01
101,1.801648230654411,0.576,0.0,2,0.013510667516017707
102,1.801648230654411,0.576,0.0,2,0.018253813672837616
103,1.801648230654411,0.576,0.0,2,0.0246621207433047
104,1.801648230654411,0.576,0.0,2,0.033320171360267346
105,1.801648230654411,0.634,0.0,2,0.04501777568253076
106,1.801648230654411,0.625,0.0,2,0.06082201995573401
107,1.801648230654411,0.625,0.0,2,0.08217460892745167
108,1.801648230654411,0.6496666666666666,0.0,2,0.11102338194775797
109,1.801648230654411,0.6333333333333334,0.0,2,0.15
110,1.801648230654411,0.584,0.0,3,0.01
111,1.801648230654411,0.584,0.0,3,0.013510667516017707
112,1.801648230654411,0.584,0.0,3,0.018253813672837616
113,1.801648230654411,0.584,0.0,3,0.0246621207433047
114,1.801648230654411,0.584,0.0,3,0.033320171360267346
115,1.801648230654411,0.584,0.0,3,0.04501777568253076
116,1.801648230654411,0.584,0.0,3,0.06082201995573401
117,1.801648230654411,0.6006666666666667,0.0,3,0.08217460892745167
118,1.801648230654411,0.6010000000000001,0.0,3,0.11102338194775797
119,1.801648230654411,0.6253333333333334,0.0,3,0.15
120,1.801648230654411,0.626,1.5,1,0.01
121,1.801648230654411,0.5586666666666666,1.5,1,0.013510667516017707
122,1.801648230654411,0.6083333333333333,1.5,1,0.018253813672837616
123,1.801648230654411,0.616,1.5,1,0.0246621207433047
124,1.801648230654411,0.649,1.5,1,0.033320171360267346
125,1.801648230654411,0.649,1.5,1,0.04501777568253076
126,1.801648230654411,0.649,1.5,1,0.06082201995573401
127,1.801648230654411,0.633,1.5,1,0.08217460892745167
128,1.801648230654411,0.609,1.5,1,0.11102338194775797
129,1.801648230654411,0.6416666666666666,1.5,1,0.15
130,1.801648230654411,0.649,1.5,2,0.01
131,1.801648230654411,0.6656666666666667,1.5,2,0.013510667516017707
132,1.801648230654411,0.649,1.5,2,0.018253813672837616
133,1.801648230654411,0.616,1.5,2,0.0246621207433047
134,1.801648230654411,0.633,1.5,2,0.033320171360267346
135,1.801648230654411,0.641,1.5,2,0.04501777568253076
136,1.801648230654411,0.6823333333333333,1.5,2,0.06082201995573401
137,1.801648230654411,0.6743333333333333,1.5,2,0.08217460892745167
138,1.801648230654411,0.6493333333333333,1.5,2,0.11102338194775797
139,1.801648230654411,0.642,1.5,2,0.15
140,1.801648230654411,0.6656666666666667,1.5,3,0.01
141,1.801648230654411,0.6496666666666667,1.5,3,0.013510667516017707
142,1.801648230654411,0.641,1.5,3,0.018253813672837616
143,1.801648230654411,0.6823333333333333,1.5,3,0.0246621207433047
144,1.801648230654411,0.6826666666666666,1.5,3,0.033320171360267346
145,1.801648230654411,0.6413333333333333,1.5,3,0.04501777568253076
146,1.801648230654411,0.658,1.5,3,0.06082201995573401
147,1.801648230654411,0.617,1.5,3,0.08217460892745167
148,1.801648230654411,0.6993333333333334,1.5,3,0.11102338194775797
149,1.801648230654411,0.7643333333333333,1.5,3,0.15
150,1.801648230654411,0.626,3.0,1,0.01
151,1.801648230654411,0.5586666666666666,3.0,1,0.013510667516017707
152,1.801648230654411,0.6083333333333333,3.0,1,0.018253813672837616
153,1.801648230654411,0.616,3.0,1,0.0246621207433047
154,1.801648230654411,0.649,3.0,1,0.033320171360267346
155,1.801648230654411,0.649,3.0,1,0.04501777568253076
156,1.801648230654411,0.649,3.0,1,0.06082201995573401
157,1.801648230654411,0.633,3.0,1,0.08217460892745167
158,1.801648230654411,0.609,3.0,1,0.11102338194775797
159,1.801648230654411,0.6416666666666666,3.0,1,0.15
160,1.801648230654411,0.649,3.0,2,0.01
161,1.801648230654411,0.633,3.0,2,0.013510667516017707
162,1.801648230654411,0.609,3.0,2,0.018253813672837616
163,1.801648230654411,0.6413333333333333,3.0,2,0.0246621207433047
164,1.801648230654411,0.6746666666666666,3.0,2,0.033320171360267346
165,1.801648230654411,0.6906666666666667,3.0,2,0.04501777568253076
166,1.801648230654411,0.6746666666666666,3.0,2,0.06082201995573401
167,1.801648230654411,0.6666666666666666,3.0,2,0.08217460892745167
168,1.801648230654411,0.6413333333333333,3.0,2,0.11102338194775797
169,1.801648230654411,0.6256666666666666,3.0,2,0.15
170,1.801648230654411,0.6826666666666666,3.0,3,0.01
171,1.801648230654411,0.6906666666666667,3.0,3,0.013510667516017707
172,1.801648230654411,0.6746666666666666,3.0,3,0.018253813672837616
173,1.801648230654411,0.6666666666666666,3.0,3,0.0246621207433047
174,1.801648230654411,0.6413333333333333,3.0,3,0.033320171360267346
175,1.801648230654411,0.642,3.0,3,0.04501777568253076
176,1.801648230654411,0.609,3.0,3,0.06082201995573401
177,1.801648230654411,0.6833333333333333,3.0,3,0.08217460892745167
178,1.801648230654411,0.748,3.0,3,0.11102338194775797
179,1.801648230654411,0.764,3.0,3,0.15
180,3.24593634702017,0.6083333333333333,0.0,1,0.01
181,3.24593634702017,0.616,0.0,1,0.013510667516017707
182,3.24593634702017,0.649,0.0,1,0.018253813672837616
183,3.24593634702017,0.649,0.0,1,0.0246621207433047
184,3.24593634702017,0.649,0.0,1,0.033320171360267346
185,3.24593634702017,0.633,0.0,1,0.04501777568253076
186,3.24593634702017,0.609,0.0,1,0.06082201995573401
187,3.24593634702017,0.6416666666666666,0.0,1,0.08217460892745167
188,3.24593634702017,0.6746666666666666,0.0,1,0.11102338194775797
189,3.24593634702017,0.6826666666666666,0.0,1,0.15
190,3.24593634702017,0.576,0.0,2,0.01
191,3.24593634702017,0.576,0.0,2,0.013510667516017707
192,3.24593634702017,0.576,0.0,2,0.018253813672837616
193,3.24593634702017,0.576,0.0,2,0.0246621207433047
194,3.24593634702017,0.634,0.0,2,0.033320171360267346
195,3.24593634702017,0.625,0.0,2,0.04501777568253076
196,3.24593634702017,0.625,0.0,2,0.06082201995573401
197,3.24593634702017,0.6496666666666666,0.0,2,0.08217460892745167
198,3.24593634702017,0.6333333333333334,0.0,2,0.11102338194775797
199,3.24593634702017,0.6663333333333333,0.0,2,0.15
200,3.24593634702017,0.584,0.0,3,0.01
201,3.24593634702017,0.584,0.0,3,0.013510667516017707
202,3.24593634702017,0.584,0.0,3,0.018253813672837616
203,3.24593634702017,0.584,0.0,3,0.0246621207433047
204,3.24593634702017,0.584,0.0,3,0.033320171360267346
205,3.24593634702017,0.584,0.0,3,0.04501777568253076
206,3.24593634702017,0.6420000000000001,0.0,3,0.06082201995573401
207,3.24593634702017,0.6173333333333334,0.0,3,0.08217460892745167
208,3.24593634702017,0.6090000000000001,0.0,3,0.11102338194775797
209,3.24593634702017,0.617,0.0,3,0.15
210,3.24593634702017,0.6083333333333333,1.5,1,0.01
211,3.24593634702017,0.616,1.5,1,0.013510667516017707
212,3.24593634702017,0.649,1.5,1,0.018253813672837616
213,3.24593634702017,0.649,1.5,1,0.0246621207433047
214,3.24593634702017,0.649,1.5,1,0.033320171360267346
215,3.24593634702017,0.633,1.5,1,0.04501777568253076
216,3.24593634702017,0.609,1.5,1,0.06082201995573401
217,3.24593634702017,0.6416666666666666,1.5,1,0.08217460892745167
218,3.24593634702017,0.6746666666666666,1.5,1,0.11102338194775797
219,3.24593634702017,0.6826666666666666,1.5,1,0.15
220,3.24593634702017,0.649,1.5,2,0.01
221,3.24593634702017,0.6573333333333334,1.5,2,0.013510667516017707
222,3.24593634702017,0.625,1.5,2,0.018253813672837616
223,3.24593634702017,0.641,1.5,2,0.0246621207433047
224,3.24593634702017,0.6826666666666666,1.5,2,0.033320171360267346
225,3.24593634702017,0.6826666666666666,1.5,2,0.04501777568253076
226,3.24593634702017,0.6746666666666666,1.5,2,0.06082201995573401
227,3.24593634702017,0.6493333333333333,1.5,2,0.08217460892745167
228,3.24593634702017,0.6256666666666666,1.5,2,0.11102338194775797
229,3.24593634702017,0.6503333333333333,1.5,2,0.15
230,3.24593634702017,0.633,1.5,3,0.01
231,3.24593634702017,0.6663333333333333,1.5,3,0.013510667516017707
232,3.24593634702017,0.6906666666666667,1.5,3,0.018253813672837616
233,3.24593634702017,0.6746666666666666,1.5,3,0.0246621207433047
234,3.24593634702017,0.6413333333333333,1.5,3,0.033320171360267346
235,3.24593634702017,0.65,1.5,3,0.04501777568253076
236,3.24593634702017,0.617,1.5,3,0.06082201995573401
237,3.24593634702017,0.6833333333333333,1.5,3,0.08217460892745167
238,3.24593634702017,0.748,1.5,3,0.11102338194775797
239,3.24593634702017,0.7803333333333333,1.5,3,0.15
240,3.24593634702017,0.6083333333333333,3.0,1,0.01
241,3.24593634702017,0.616,3.0,1,0.013510667516017707
242,3.24593634702017,0.649,3.0,1,0.018253813672837616
243,3.24593634702017,0.649,3.0,1,0.0246621207433047
244,3.24593634702017,0.649,3.0,1,0.033320171360267346
245,3.24593634702017,0.633,3.0,1,0.04501777568253076
246,3.24593634702017,0.609,3.0,1,0.06082201995573401
247,3.24593634702017,0.6416666666666666,3.0,1,0.08217460892745167
248,3.24593634702017,0.6746666666666666,3.0,1,0.11102338194775797
249,3.24593634702017,0.6826666666666666,3.0,1,0.15
250,3.24593634702017,0.609,3.0,2,0.01
251,3.24593634702017,0.6416666666666666,3.0,2,0.013510667516017707
252,3.24593634702017,0.6746666666666666,3.0,2,0.018253813672837616
253,3.24593634702017,0.6826666666666666,3.0,2,0.0246621207433047
254,3.24593634702017,0.6906666666666667,3.0,2,0.033320171360267346
255,3.24593634702017,0.6746666666666666,3.0,2,0.04501777568253076
256,3.24593634702017,0.6583333333333333,3.0,2,0.06082201995573401
257,3.24593634702017,0.6413333333333333,3.0,2,0.08217460892745167
258,3.24593634702017,0.6256666666666666,3.0,2,0.11102338194775797
259,3.24593634702017,0.6336666666666666,3.0,2,0.15
260,3.24593634702017,0.6906666666666667,3.0,3,0.01
261,3.24593634702017,0.6826666666666666,3.0,3,0.013510667516017707
262,3.24593634702017,0.6666666666666666,3.0,3,0.018253813672837616
263,3.24593634702017,0.6496666666666666,3.0,3,0.0246621207433047
264,3.24593634702017,0.634,3.0,3,0.033320171360267346
265,3.24593634702017,0.609,3.0,3,0.04501777568253076
266,3.24593634702017,0.667,3.0,3,0.06082201995573401
267,3.24593634702017,0.748,3.0,3,0.08217460892745167
268,3.24593634702017,0.764,3.0,3,0.11102338194775797
269,3.24593634702017,0.764,3.0,3,0.15
270,5.848035476425731,0.649,0.0,1,0.01
271,5.848035476425731,0.649,0.0,1,0.013510667516017707
272,5.848035476425731,0.649,0.0,1,0.018253813672837616
273,5.848035476425731,0.633,0.0,1,0.0246621207433047
274,5.848035476425731,0.609,0.0,1,0.033320171360267346
275,5.848035476425731,0.6336666666666667,0.0,1,0.04501777568253076
276,5.848035476425731,0.6666666666666666,0.0,1,0.06082201995573401
277,5.848035476425731,0.6826666666666666,0.0,1,0.08217460892745167
278,5.848035476425731,0.6746666666666666,0.0,1,0.11102338194775797
279,5.848035476425731,0.6746666666666666,0.0,1,0.15
280,5.848035476425731,0.576,0.0,2,0.01
281,5.848035476425731,0.576,0.0,2,0.013510667516017707
282,5.848035476425731,0.576,0.0,2,0.018253813672837616
283,5.848035476425731,0.634,0.0,2,0.0246621207433047
284,5.848035476425731,0.625,0.0,2,0.033320171360267346
285,5.848035476425731,0.625,0.0,2,0.04501777568253076
286,5.848035476425731,0.6413333333333333,0.0,2,0.06082201995573401
287,5.848035476425731,0.6413333333333334,0.0,2,0.08217460892745167
288,5.848035476425731,0.6663333333333333,0.0,2,0.11102338194775797
289,5.848035476425731,0.7236666666666667,0.0,2,0.15
290,5.848035476425731,0.584,0.0,3,0.01
291,5.848035476425731,0.584,0.0,3,0.013510667516017707
292,5.848035476425731,0.584,0.0,3,0.018253813672837616
293,5.848035476425731,0.584,0.0,3,0.0246621207433047
294,5.848035476425731,0.584,0.0,3,0.033320171360267346
295,5.848035476425731,0.5923333333333333,0.0,3,0.04501777568253076
296,5.848035476425731,0.6093333333333334,0.0,3,0.06082201995573401
297,5.848035476425731,0.6176666666666667,0.0,3,0.08217460892745167
298,5.848035476425731,0.633,0.0,3,0.11102338194775797
299,5.848035476425731,0.658,0.0,3,0.15
300,5.848035476425731,0.649,1.5,1,0.01
301,5.848035476425731,0.649,1.5,1,0.013510667516017707
302,5.848035476425731,0.649,1.5,1,0.018253813672837616
303,5.848035476425731,0.633,1.5,1,0.0246621207433047
304,5.848035476425731,0.609,1.5,1,0.033320171360267346
305,5.848035476425731,0.6336666666666667,1.5,1,0.04501777568253076
306,5.848035476425731,0.6666666666666666,1.5,1,0.06082201995573401
307,5.848035476425731,0.6826666666666666,1.5,1,0.08217460892745167
308,5.848035476425731,0.6746666666666666,1.5,1,0.11102338194775797
309,5.848035476425731,0.6746666666666666,1.5,1,0.15
310,5.848035476425731,0.6413333333333334,1.5,2,0.01
311,5.848035476425731,0.633,1.5,2,0.013510667516017707
312,5.848035476425731,0.6746666666666666,1.5,2,0.018253813672837616
313,5.848035476425731,0.6826666666666666,1.5,2,0.0246621207433047
314,5.848035476425731,0.6826666666666666,1.5,2,0.033320171360267346
315,5.848035476425731,0.6666666666666666,1.5,2,0.04501777568253076
316,5.848035476425731,0.6413333333333333,1.5,2,0.06082201995573401
317,5.848035476425731,0.6256666666666666,1.5,2,0.08217460892745167
318,5.848035476425731,0.6336666666666666,1.5,2,0.11102338194775797
319,5.848035476425731,0.6993333333333334,1.5,2,0.15
320,5.848035476425731,0.6826666666666666,1.5,3,0.01
321,5.848035476425731,0.6826666666666666,1.5,3,0.013510667516017707
322,5.848035476425731,0.6746666666666666,1.5,3,0.018253813672837616
323,5.848035476425731,0.6333333333333333,1.5,3,0.0246621207433047
324,5.848035476425731,0.65,1.5,3,0.033320171360267346
325,5.848035476425731,0.609,1.5,3,0.04501777568253076
326,5.848035476425731,0.675,1.5,3,0.06082201995573401
327,5.848035476425731,0.748,1.5,3,0.08217460892745167
328,5.848035476425731,0.764,1.5,3,0.11102338194775797
329,5.848035476425731,0.7803333333333333,1.5,3,0.15
330,5.848035476425731,0.649,3.0,1,0.01
331,5.848035476425731,0.649,3.0,1,0.013510667516017707
332,5.848035476425731,0.649,3.0,1,0.018253813672837616
333,5.848035476425731,0.633,3.0,1,0.0246621207433047
334,5.848035476425731,0.609,3.0,1,0.033320171360267346
335,5.848035476425731,0.6336666666666667,3.0,1,0.04501777568253076
336,5.848035476425731,0.6746666666666666,3.0,1,0.06082201995573401
337,5.848035476425731,0.6826666666666666,3.0,1,0.08217460892745167
338,5.848035476425731,0.6746666666666666,3.0,1,0.11102338194775797
339,5.848035476425731,0.6746666666666666,3.0,1,0.15
340,5.848035476425731,0.6746666666666666,3.0,2,0.01
341,5.848035476425731,0.6826666666666666,3.0,2,0.013510667516017707
342,5.848035476425731,0.6826666666666666,3.0,2,0.018253813672837616
343,5.848035476425731,0.6906666666666667,3.0,2,0.0246621207433047
344,5.848035476425731,0.6746666666666666,3.0,2,0.033320171360267346
345,5.848035476425731,0.642,3.0,2,0.04501777568253076
346,5.848035476425731,0.6413333333333333,3.0,2,0.06082201995573401
347,5.848035476425731,0.6256666666666666,3.0,2,0.08217460892745167
348,5.848035476425731,0.6253333333333333,3.0,2,0.11102338194775797
349,5.848035476425731,0.6993333333333334,3.0,2,0.15
350,5.848035476425731,0.6826666666666666,3.0,3,0.01
351,5.848035476425731,0.6586666666666667,3.0,3,0.013510667516017707
352,5.848035476425731,0.6496666666666666,3.0,3,0.018253813672837616
353,5.848035476425731,0.626,3.0,3,0.0246621207433047
354,5.848035476425731,0.609,3.0,3,0.033320171360267346
355,5.848035476425731,0.667,3.0,3,0.04501777568253076
356,5.848035476425731,0.748,3.0,3,0.06082201995573401
357,5.848035476425731,0.764,3.0,3,0.08217460892745167
358,5.848035476425731,0.764,3.0,3,0.11102338194775797
359,5.848035476425731,0.764,3.0,3,0.15
360,10.536102768906645,0.649,0.0,1,0.01
361,10.536102768906645,0.6493333333333334,0.0,1,0.013510667516017707
362,10.536102768906645,0.609,0.0,1,0.018253813672837616
363,10.536102768906645,0.6336666666666667,0.0,1,0.0246621207433047
364,10.536102768906645,0.6666666666666666,0.0,1,0.033320171360267346
365,10.536102768906645,0.6826666666666666,0.0,1,0.04501777568253076
366,10.536102768906645,0.6746666666666666,0.0,1,0.06082201995573401
367,10.536102768906645,0.6746666666666666,0.0,1,0.08217460892745167
368,10.536102768906645,0.6826666666666666,0.0,1,0.11102338194775797
369,10.536102768906645,0.6826666666666666,0.0,1,0.15
370,10.536102768906645,0.576,0.0,2,0.01
371,10.536102768906645,0.576,0.0,2,0.013510667516017707
372,10.536102768906645,0.634,0.0,2,0.018253813672837616
373,10.536102768906645,0.625,0.0,2,0.0246621207433047
374,10.536102768906645,0.625,0.0,2,0.033320171360267346
375,10.536102768906645,0.6413333333333333,0.0,2,0.04501777568253076
376,10.536102768906645,0.6413333333333334,0.0,2,0.06082201995573401
377,10.536102768906645,0.658,0.0,2,0.08217460892745167
378,10.536102768906645,0.7236666666666667,0.0,2,0.11102338194775797
379,10.536102768906645,0.7803333333333333,0.0,2,0.15
380,10.536102768906645,0.584,0.0,3,0.01
381,10.536102768906645,0.584,0.0,3,0.013510667516017707
382,10.536102768906645,0.584,0.0,3,0.018253813672837616
383,10.536102768906645,0.584,0.0,3,0.0246621207433047
384,10.536102768906645,0.584,0.0,3,0.033320171360267346
385,10.536102768906645,0.5923333333333334,0.0,3,0.04501777568253076
386,10.536102768906645,0.5926666666666668,0.0,3,0.06082201995573401
387,10.536102768906645,0.6333333333333334,0.0,3,0.08217460892745167
388,10.536102768906645,0.6416666666666666,0.0,3,0.11102338194775797
389,10.536102768906645,0.674,0.0,3,0.15
390,10.536102768906645,0.649,1.5,1,0.01
391,10.536102768906645,0.6493333333333334,1.5,1,0.013510667516017707
392,10.536102768906645,0.609,1.5,1,0.018253813672837616
393,10.536102768906645,0.6336666666666667,1.5,1,0.0246621207433047
394,10.536102768906645,0.6666666666666666,1.5,1,0.033320171360267346
395,10.536102768906645,0.6826666666666666,1.5,1,0.04501777568253076
396,10.536102768906645,0.6746666666666666,1.5,1,0.06082201995573401
397,10.536102768906645,0.6746666666666666,1.5,1,0.08217460892745167
398,10.536102768906645,0.6826666666666666,1.5,1,0.11102338194775797
399,10.536102768906645,0.6826666666666666,1.5,1,0.15
400,10.536102768906645,0.6746666666666666,1.5,2,0.01
401,10.536102768906645,0.6826666666666666,1.5,2,0.013510667516017707
402,10.536102768906645,0.6906666666666667,1.5,2,0.018253813672837616
403,10.536102768906645,0.6746666666666666,1.5,2,0.0246621207433047
404,10.536102768906645,0.6666666666666666,1.5,2,0.033320171360267346
405,10.536102768906645,0.6413333333333333,1.5,2,0.04501777568253076
406,10.536102768906645,0.6256666666666666,1.5,2,0.06082201995573401
407,10.536102768906645,0.6336666666666666,1.5,2,0.08217460892745167
408,10.536102768906645,0.6993333333333334,1.5,2,0.11102338194775797
409,10.536102768906645,0.772,1.5,2,0.15
410,10.536102768906645,0.6826666666666666,1.5,3,0.01
411,10.536102768906645,0.6746666666666666,1.5,3,0.013510667516017707
412,10.536102768906645,0.6413333333333333,1.5,3,0.018253813672837616
413,10.536102768906645,0.642,1.5,3,0.0246621207433047
414,10.536102768906645,0.609,1.5,3,0.033320171360267346
415,10.536102768906645,0.675,1.5,3,0.04501777568253076
416,10.536102768906645,0.748,1.5,3,0.06082201995573401
417,10.536102768906645,0.764,1.5,3,0.08217460892745167
418,10.536102768906645,0.764,1.5,3,0.11102338194775797
419,10.536102768906645,0.7803333333333333,1.5,3,0.15
420,10.536102768906645,0.649,3.0,1,0.01
421,10.536102768906645,0.641,3.0,1,0.013510667516017707
422,10.536102768906645,0.609,3.0,1,0.018253813672837616
423,10.536102768906645,0.6336666666666667,3.0,1,0.0246621207433047
424,10.536102768906645,0.6666666666666666,3.0,1,0.033320171360267346
425,10.536102768906645,0.6826666666666666,3.0,1,0.04501777568253076
426,10.536102768906645,0.6746666666666666,3.0,1,0.06082201995573401
427,10.536102768906645,0.6746666666666666,3.0,1,0.08217460892745167
428,10.536102768906645,0.6826666666666666,3.0,1,0.11102338194775797
429,10.536102768906645,0.6826666666666666,3.0,1,0.15
430,10.536102768906645,0.6746666666666666,3.0,2,0.01
431,10.536102768906645,0.6906666666666667,3.0,2,0.013510667516017707
432,10.536102768906645,0.6826666666666666,3.0,2,0.018253813672837616
433,10.536102768906645,0.6746666666666666,3.0,2,0.0246621207433047
434,10.536102768906645,0.642,3.0,2,0.033320171360267346
435,10.536102768906645,0.6496666666666666,3.0,2,0.04501777568253076
436,10.536102768906645,0.6176666666666666,3.0,2,0.06082201995573401
437,10.536102768906645,0.6253333333333333,3.0,2,0.08217460892745167
438,10.536102768906645,0.6993333333333334,3.0,2,0.11102338194775797
439,10.536102768906645,0.756,3.0,2,0.15
440,10.536102768906645,0.6586666666666667,3.0,3,0.01
441,10.536102768906645,0.658,3.0,3,0.013510667516017707
442,10.536102768906645,0.626,3.0,3,0.018253813672837616
443,10.536102768906645,0.609,3.0,3,0.0246621207433047
444,10.536102768906645,0.667,3.0,3,0.033320171360267346
445,10.536102768906645,0.748,3.0,3,0.04501777568253076
446,10.536102768906645,0.764,3.0,3,0.06082201995573401
447,10.536102768906645,0.764,3.0,3,0.08217460892745167
448,10.536102768906645,0.764,3.0,3,0.11102338194775797
449,10.536102768906645,0.764,3.0,3,0.15
450,18.9823509115937,0.609,0.0,1,0.01
451,18.9823509115937,0.6333333333333333,0.0,1,0.013510667516017707
452,18.9823509115937,0.6746666666666666,0.0,1,0.018253813672837616
453,18.9823509115937,0.6826666666666666,0.0,1,0.0246621207433047
454,18.9823509115937,0.6746666666666666,0.0,1,0.033320171360267346
455,18.9823509115937,0.6746666666666666,0.0,1,0.04501777568253076
456,18.9823509115937,0.6826666666666666,0.0,1,0.06082201995573401
457,18.9823509115937,0.6826666666666666,0.0,1,0.08217460892745167
458,18.9823509115937,0.6826666666666666,0.0,1,0.11102338194775797
459,18.9823509115937,0.6826666666666666,0.0,1,0.15
460,18.9823509115937,0.576,0.0,2,0.01
461,18.9823509115937,0.634,0.0,2,0.013510667516017707
462,18.9823509115937,0.625,0.0,2,0.018253813672837616
463,18.9823509115937,0.625,0.0,2,0.0246621207433047
464,18.9823509115937,0.6413333333333333,0.0,2,0.033320171360267346
465,18.9823509115937,0.6413333333333334,0.0,2,0.04501777568253076
466,18.9823509115937,0.658,0.0,2,0.06082201995573401
467,18.9823509115937,0.7236666666666667,0.0,2,0.08217460892745167
468,18.9823509115937,0.7803333333333333,0.0,2,0.11102338194775797
469,18.9823509115937,0.7883333333333333,0.0,2,0.15
470,18.9823509115937,0.584,0.0,3,0.01
471,18.9823509115937,0.584,0.0,3,0.013510667516017707
472,18.9823509115937,0.584,0.0,3,0.018253813672837616
473,18.9823509115937,0.584,0.0,3,0.0246621207433047
474,18.9823509115937,0.6340000000000001,0.0,3,0.033320171360267346
475,18.9823509115937,0.609,0.0,3,0.04501777568253076
476,18.9823509115937,0.609,0.0,3,0.06082201995573401
477,18.9823509115937,0.617,0.0,3,0.08217460892745167
478,18.9823509115937,0.674,0.0,3,0.11102338194775797
479,18.9823509115937,0.674,0.0,3,0.15
480,18.9823509115937,0.609,1.5,1,0.01
481,18.9823509115937,0.6333333333333333,1.5,1,0.013510667516017707
482,18.9823509115937,0.6666666666666666,1.5,1,0.018253813672837616
483,18.9823509115937,0.6826666666666666,1.5,1,0.0246621207433047
484,18.9823509115937,0.6746666666666666,1.5,1,0.033320171360267346
485,18.9823509115937,0.6746666666666666,1.5,1,0.04501777568253076
486,18.9823509115937,0.6826666666666666,1.5,1,0.06082201995573401
487,18.9823509115937,0.6826666666666666,1.5,1,0.08217460892745167
488,18.9823509115937,0.6826666666666666,1.5,1,0.11102338194775797
489,18.9823509115937,0.6826666666666666,1.5,1,0.15
490,18.9823509115937,0.6826666666666666,1.5,2,0.01
491,18.9823509115937,0.6906666666666667,1.5,2,0.013510667516017707
492,18.9823509115937,0.6746666666666666,1.5,2,0.018253813672837616
493,18.9823509115937,0.6583333333333333,1.5,2,0.0246621207433047
494,18.9823509115937,0.6413333333333333,1.5,2,0.033320171360267346
495,18.9823509115937,0.6256666666666666,1.5,2,0.04501777568253076
496,18.9823509115937,0.6253333333333333,1.5,2,0.06082201995573401
497,18.9823509115937,0.6993333333333334,1.5,2,0.08217460892745167
498,18.9823509115937,0.764,1.5,2,0.11102338194775797
499,18.9823509115937,0.764,1.5,2,0.15
500,18.9823509115937,0.6746666666666666,1.5,3,0.01
501,18.9823509115937,0.6413333333333333,1.5,3,0.013510667516017707
502,18.9823509115937,0.634,1.5,3,0.018253813672837616
503,18.9823509115937,0.609,1.5,3,0.0246621207433047
504,18.9823509115937,0.667,1.5,3,0.033320171360267346
505,18.9823509115937,0.748,1.5,3,0.04501777568253076
506,18.9823509115937,0.764,1.5,3,0.06082201995573401
507,18.9823509115937,0.764,1.5,3,0.08217460892745167
508,18.9823509115937,0.764,1.5,3,0.11102338194775797
509,18.9823509115937,0.7803333333333333,1.5,3,0.15
510,18.9823509115937,0.609,3.0,1,0.01
511,18.9823509115937,0.6333333333333333,3.0,1,0.013510667516017707
512,18.9823509115937,0.6666666666666666,3.0,1,0.018253813672837616
513,18.9823509115937,0.6826666666666666,3.0,1,0.0246621207433047
514,18.9823509115937,0.6746666666666666,3.0,1,0.033320171360267346
515,18.9823509115937,0.6746666666666666,3.0,1,0.04501777568253076
516,18.9823509115937,0.6826666666666666,3.0,1,0.06082201995573401
517,18.9823509115937,0.6826666666666666,3.0,1,0.08217460892745167
518,18.9823509115937,0.6826666666666666,3.0,1,0.11102338194775797
519,18.9823509115937,0.6746666666666666,3.0,1,0.15
520,18.9823509115937,0.6826666666666666,3.0,2,0.01
521,18.9823509115937,0.6826666666666666,3.0,2,0.013510667516017707
522,18.9823509115937,0.6746666666666666,3.0,2,0.018253813672837616
523,18.9823509115937,0.6586666666666667,3.0,2,0.0246621207433047
524,18.9823509115937,0.6496666666666666,3.0,2,0.033320171360267346
525,18.9823509115937,0.6093333333333333,3.0,2,0.04501777568253076
526,18.9823509115937,0.6173333333333333,3.0,2,0.06082201995573401
527,18.9823509115937,0.6913333333333334,3.0,2,0.08217460892745167
528,18.9823509115937,0.756,3.0,2,0.11102338194775797
529,18.9823509115937,0.764,3.0,2,0.15
530,18.9823509115937,0.658,3.0,3,0.01
531,18.9823509115937,0.626,3.0,3,0.013510667516017707
532,18.9823509115937,0.609,3.0,3,0.018253813672837616
533,18.9823509115937,0.659,3.0,3,0.0246621207433047
534,18.9823509115937,0.756,3.0,3,0.033320171360267346
535,18.9823509115937,0.764,3.0,3,0.04501777568253076
536,18.9823509115937,0.764,3.0,3,0.06082201995573401
537,18.9823509115937,0.764,3.0,3,0.08217460892745167
538,18.9823509115937,0.764,3.0,3,0.11102338194775797
539,18.9823509115937,0.764,3.0,3,0.15
540,34.19951893353393,0.6666666666666666,0.0,1,0.01
541,34.19951893353393,0.6746666666666666,0.0,1,0.013510667516017707
542,34.19951893353393,0.6746666666666666,0.0,1,0.018253813672837616
543,34.19951893353393,0.6746666666666666,0.0,1,0.0246621207433047
544,34.19951893353393,0.6826666666666666,0.0,1,0.033320171360267346
545,34.19951893353393,0.6826666666666666,0.0,1,0.04501777568253076
546,34.19951893353393,0.6826666666666666,0.0,1,0.06082201995573401
547,34.19951893353393,0.6826666666666666,0.0,1,0.08217460892745167
548,34.19951893353393,0.6826666666666666,0.0,1,0.11102338194775797
549,34.19951893353393,0.6826666666666666,0.0,1,0.15
550,34.19951893353393,0.6423333333333334,0.0,2,0.01
551,34.19951893353393,0.617,0.0,2,0.013510667516017707
552,34.19951893353393,0.625,0.0,2,0.018253813672837616
553,34.19951893353393,0.6413333333333333,0.0,2,0.0246621207433047
554,34.19951893353393,0.6496666666666667,0.0,2,0.033320171360267346
555,34.19951893353393,0.658,0.0,2,0.04501777568253076
556,34.19951893353393,0.7236666666666667,0.0,2,0.06082201995573401
557,34.19951893353393,0.7803333333333333,0.0,2,0.08217460892745167
558,34.19951893353393,0.7883333333333333,0.0,2,0.11102338194775797
559,34.19951893353393,0.7883333333333333,0.0,2,0.15
560,34.19951893353393,0.584,0.0,3,0.01
561,34.19951893353393,0.584,0.0,3,0.013510667516017707
562,34.19951893353393,0.584,0.0,3,0.018253813672837616
563,34.19951893353393,0.5923333333333333,0.0,3,0.0246621207433047
564,34.19951893353393,0.5930000000000001,0.0,3,0.033320171360267346
565,34.19951893353393,0.6093333333333334,0.0,3,0.04501777568253076
566,34.19951893353393,0.633,0.0,3,0.06082201995573401
567,34.19951893353393,0.658,0.0,3,0.08217460892745167
568,34.19951893353393,0.674,0.0,3,0.11102338194775797
569,34.19951893353393,0.674,0.0,3,0.15
570,34.19951893353393,0.6746666666666666,1.5,1,0.01
571,34.19951893353393,0.6746666666666666,1.5,1,0.013510667516017707
572,34.19951893353393,0.6746666666666666,1.5,1,0.018253813672837616
573,34.19951893353393,0.6746666666666666,1.5,1,0.0246621207433047
574,34.19951893353393,0.6826666666666666,1.5,1,0.033320171360267346
575,34.19951893353393,0.6826666666666666,1.5,1,0.04501777568253076
576,34.19951893353393,0.6826666666666666,1.5,1,0.06082201995573401
577,34.19951893353393,0.6826666666666666,1.5,1,0.08217460892745167
578,34.19951893353393,0.6826666666666666,1.5,1,0.11102338194775797
579,34.19951893353393,0.6826666666666666,1.5,1,0.15
580,34.19951893353393,0.6826666666666666,1.5,2,0.01
581,34.19951893353393,0.6746666666666666,1.5,2,0.013510667516017707
582,34.19951893353393,0.642,1.5,2,0.018253813672837616
583,34.19951893353393,0.6496666666666666,1.5,2,0.0246621207433047
584,34.19951893353393,0.6093333333333333,1.5,2,0.033320171360267346
585,34.19951893353393,0.6253333333333333,1.5,2,0.04501777568253076
586,34.19951893353393,0.6913333333333334,1.5,2,0.06082201995573401
587,34.19951893353393,0.756,1.5,2,0.08217460892745167
588,34.19951893353393,0.764,1.5,2,0.11102338194775797
589,34.19951893353393,0.772,1.5,2,0.15
590,34.19951893353393,0.6496666666666666,1.5,3,0.01
591,34.19951893353393,0.634,1.5,3,0.013510667516017707
592,34.19951893353393,0.609,1.5,3,0.018253813672837616
593,34.19951893353393,0.6586666666666666,1.5,3,0.0246621207433047
594,34.19951893353393,0.748,1.5,3,0.033320171360267346
595,34.19951893353393,0.764,1.5,3,0.04501777568253076
596,34.19951893353393,0.764,1.5,3,0.06082201995573401
597,34.19951893353393,0.764,1.5,3,0.08217460892745167
598,34.19951893353393,0.764,1.5,3,0.11102338194775797
599,34.19951893353393,0.7803333333333333,1.5,3,0.15
600,34.19951893353393,0.6666666666666666,3.0,1,0.01
601,34.19951893353393,0.6746666666666666,3.0,1,0.013510667516017707
602,34.19951893353393,0.6746666666666666,3.0,1,0.018253813672837616
603,34.19951893353393,0.6746666666666666,3.0,1,0.0246621207433047
604,34.19951893353393,0.6826666666666666,3.0,1,0.033320171360267346
605,34.19951893353393,0.6826666666666666,3.0,1,0.04501777568253076
606,34.19951893353393,0.6826666666666666,3.0,1,0.06082201995573401
607,34.19951893353393,0.6826666666666666,3.0,1,0.08217460892745167
608,34.19951893353393,0.6826666666666666,3.0,1,0.11102338194775797
609,34.19951893353393,0.6746666666666666,3.0,1,0.15
610,34.19951893353393,0.6826666666666666,3.0,2,0.01
611,34.19951893353393,0.6666666666666666,3.0,2,0.013510667516017707
612,34.19951893353393,0.6666666666666666,3.0,2,0.018253813672837616
613,34.19951893353393,0.6416666666666666,3.0,2,0.0246621207433047
614,34.19951893353393,0.6093333333333333,3.0,2,0.033320171360267346
615,34.19951893353393,0.609,3.0,2,0.04501777568253076
616,34.19951893353393,0.6753333333333333,3.0,2,0.06082201995573401
617,34.19951893353393,0.756,3.0,2,0.08217460892745167
618,34.19951893353393,0.764,3.0,2,0.11102338194775797
619,34.19951893353393,0.772,3.0,2,0.15
620,34.19951893353393,0.626,3.0,3,0.01
621,34.19951893353393,0.609,3.0,3,0.013510667516017707
622,34.19951893353393,0.659,3.0,3,0.018253813672837616
623,34.19951893353393,0.748,3.0,3,0.0246621207433047
624,34.19951893353393,0.764,3.0,3,0.033320171360267346
625,34.19951893353393,0.764,3.0,3,0.04501777568253076
626,34.19951893353393,0.764,3.0,3,0.06082201995573401
627,34.19951893353393,0.764,3.0,3,0.08217460892745167
628,34.19951893353393,0.764,3.0,3,0.11102338194775797
629,34.19951893353393,0.764,3.0,3,0.15
630,61.615502775833434,0.6746666666666666,0.0,1,0.01
631,61.615502775833434,0.6746666666666666,0.0,1,0.013510667516017707
632,61.615502775833434,0.6826666666666666,0.0,1,0.018253813672837616
633,61.615502775833434,0.6826666666666666,0.0,1,0.0246621207433047
634,61.615502775833434,0.6826666666666666,0.0,1,0.033320171360267346
635,61.615502775833434,0.6826666666666666,0.0,1,0.04501777568253076
636,61.615502775833434,0.6826666666666666,0.0,1,0.06082201995573401
637,61.615502775833434,0.6826666666666666,0.0,1,0.08217460892745167
638,61.615502775833434,0.6746666666666666,0.0,1,0.11102338194775797
639,61.615502775833434,0.6826666666666666,0.0,1,0.15
640,61.615502775833434,0.617,0.0,2,0.01
641,61.615502775833434,0.6166666666666667,0.0,2,0.013510667516017707
642,61.615502775833434,0.6253333333333334,0.0,2,0.018253813672837616
643,61.615502775833434,0.6496666666666667,0.0,2,0.0246621207433047
644,61.615502775833434,0.65,0.0,2,0.033320171360267346
645,61.615502775833434,0.7156666666666667,0.0,2,0.04501777568253076
646,61.615502775833434,0.7803333333333333,0.0,2,0.06082201995573401
647,61.615502775833434,0.7883333333333333,0.0,2,0.08217460892745167
648,61.615502775833434,0.7883333333333333,0.0,2,0.11102338194775797
649,61.615502775833434,0.7883333333333333,0.0,2,0.15
650,61.615502775833434,0.584,0.0,3,0.01
651,61.615502775833434,0.584,0.0,3,0.013510667516017707
652,61.615502775833434,0.584,0.0,3,0.018253813672837616
653,61.615502775833434,0.6083333333333333,0.0,3,0.0246621207433047
654,61.615502775833434,0.5843333333333334,0.0,3,0.033320171360267346
655,61.615502775833434,0.6333333333333334,0.0,3,0.04501777568253076
656,61.615502775833434,0.6333333333333333,0.0,3,0.06082201995573401
657,61.615502775833434,0.674,0.0,3,0.08217460892745167
658,61.615502775833434,0.674,0.0,3,0.11102338194775797
659,61.615502775833434,0.674,0.0,3,0.15
660,61.615502775833434,0.6746666666666666,1.5,1,0.01
661,61.615502775833434,0.6746666666666666,1.5,1,0.013510667516017707
662,61.615502775833434,0.6826666666666666,1.5,1,0.018253813672837616
663,61.615502775833434,0.6826666666666666,1.5,1,0.0246621207433047
664,61.615502775833434,0.6826666666666666,1.5,1,0.033320171360267346
665,61.615502775833434,0.6826666666666666,1.5,1,0.04501777568253076
666,61.615502775833434,0.6826666666666666,1.5,1,0.06082201995573401
667,61.615502775833434,0.6746666666666666,1.5,1,0.08217460892745167
668,61.615502775833434,0.6826666666666666,1.5,1,0.11102338194775797
669,61.615502775833434,0.6746666666666666,1.5,1,0.15
670,61.615502775833434,0.6746666666666666,1.5,2,0.01
671,61.615502775833434,0.6503333333333333,1.5,2,0.013510667516017707
672,61.615502775833434,0.6496666666666666,1.5,2,0.018253813672837616
673,61.615502775833434,0.6093333333333333,1.5,2,0.0246621207433047
674,61.615502775833434,0.609,1.5,2,0.033320171360267346
675,61.615502775833434,0.6753333333333333,1.5,2,0.04501777568253076
676,61.615502775833434,0.756,1.5,2,0.06082201995573401
677,61.615502775833434,0.764,1.5,2,0.08217460892745167
678,61.615502775833434,0.772,1.5,2,0.11102338194775797
679,61.615502775833434,0.772,1.5,2,0.15
680,61.615502775833434,0.634,1.5,3,0.01
681,61.615502775833434,0.609,1.5,3,0.013510667516017707
682,61.615502775833434,0.6503333333333333,1.5,3,0.018253813672837616
683,61.615502775833434,0.748,1.5,3,0.0246621207433047
684,61.615502775833434,0.764,1.5,3,0.033320171360267346
685,61.615502775833434,0.764,1.5,3,0.04501777568253076
686,61.615502775833434,0.764,1.5,3,0.06082201995573401
687,61.615502775833434,0.764,1.5,3,0.08217460892745167
688,61.615502775833434,0.764,1.5,3,0.11102338194775797
689,61.615502775833434,0.7803333333333333,1.5,3,0.15
690,61.615502775833434,0.6746666666666666,3.0,1,0.01
691,61.615502775833434,0.6746666666666666,3.0,1,0.013510667516017707
692,61.615502775833434,0.6826666666666666,3.0,1,0.018253813672837616
693,61.615502775833434,0.6826666666666666,3.0,1,0.0246621207433047
694,61.615502775833434,0.6826666666666666,3.0,1,0.033320171360267346
695,61.615502775833434,0.6826666666666666,3.0,1,0.04501777568253076
696,61.615502775833434,0.6826666666666666,3.0,1,0.06082201995573401
697,61.615502775833434,0.6826666666666666,3.0,1,0.08217460892745167
698,61.615502775833434,0.6746666666666666,3.0,1,0.11102338194775797
699,61.615502775833434,0.6746666666666666,3.0,1,0.15
700,61.615502775833434,0.6666666666666666,3.0,2,0.01
701,61.615502775833434,0.6666666666666666,3.0,2,0.013510667516017707
702,61.615502775833434,0.65,3.0,2,0.018253813672837616
703,61.615502775833434,0.6176666666666666,3.0,2,0.0246621207433047
704,61.615502775833434,0.609,3.0,2,0.033320171360267346
705,61.615502775833434,0.6753333333333333,3.0,2,0.04501777568253076
706,61.615502775833434,0.756,3.0,2,0.06082201995573401
707,61.615502775833434,0.764,3.0,2,0.08217460892745167
708,61.615502775833434,0.772,3.0,2,0.11102338194775797
709,61.615502775833434,0.772,3.0,2,0.15
710,61.615502775833434,0.609,3.0,3,0.01
711,61.615502775833434,0.6506666666666667,3.0,3,0.013510667516017707
712,61.615502775833434,0.748,3.0,3,0.018253813672837616
713,61.615502775833434,0.764,3.0,3,0.0246621207433047
714,61.615502775833434,0.764,3.0,3,0.033320171360267346
715,61.615502775833434,0.764,3.0,3,0.04501777568253076
716,61.615502775833434,0.764,3.0,3,0.06082201995573401
717,61.615502775833434,0.764,3.0,3,0.08217460892745167
718,61.615502775833434,0.764,3.0,3,0.11102338194775797
719,61.615502775833434,0.764,3.0,3,0.15
720,111.00946155696226,0.6826666666666666,0.0,1,0.01
721,111.00946155696226,0.6826666666666666,0.0,1,0.013510667516017707
722,111.00946155696226,0.6826666666666666,0.0,1,0.018253813672837616
723,111.00946155696226,0.6826666666666666,0.0,1,0.0246621207433047
724,111.00946155696226,0.6826666666666666,0.0,1,0.033320171360267346
725,111.00946155696226,0.6826666666666666,0.0,1,0.04501777568253076
726,111.00946155696226,0.6826666666666666,0.0,1,0.06082201995573401
727,111.00946155696226,0.6746666666666666,0.0,1,0.08217460892745167
728,111.00946155696226,0.6746666666666666,0.0,1,0.11102338194775797
729,111.00946155696226,0.6586666666666666,0.0,1,0.15
730,111.00946155696226,0.6166666666666667,0.0,2,0.01
731,111.00946155696226,0.6253333333333334,0.0,2,0.013510667516017707
732,111.00946155696226,0.6496666666666667,0.0,2,0.018253813672837616
733,111.00946155696226,0.65,0.0,2,0.0246621207433047
734,111.00946155696226,0.7156666666666667,0.0,2,0.033320171360267346
735,111.00946155696226,0.7803333333333333,0.0,2,0.04501777568253076
736,111.00946155696226,0.7883333333333333,0.0,2,0.06082201995573401
737,111.00946155696226,0.7883333333333333,0.0,2,0.08217460892745167
738,111.00946155696226,0.7883333333333333,0.0,2,0.11102338194775797
739,111.00946155696226,0.7883333333333333,0.0,2,0.15
740,111.00946155696226,0.584,0.0,3,0.01
741,111.00946155696226,0.584,0.0,3,0.013510667516017707
742,111.00946155696226,0.6340000000000001,0.0,3,0.018253813672837616
743,111.00946155696226,0.6013333333333334,0.0,3,0.0246621207433047
744,111.00946155696226,0.609,0.0,3,0.033320171360267346
745,111.00946155696226,0.6086666666666666,0.0,3,0.04501777568253076
746,111.00946155696226,0.674,0.0,3,0.06082201995573401
747,111.00946155696226,0.674,0.0,3,0.08217460892745167
748,111.00946155696226,0.674,0.0,3,0.11102338194775797
749,111.00946155696226,0.674,0.0,3,0.15
750,111.00946155696226,0.6826666666666666,1.5,1,0.01
751,111.00946155696226,0.6826666666666666,1.5,1,0.013510667516017707
752,111.00946155696226,0.6826666666666666,1.5,1,0.018253813672837616
753,111.00946155696226,0.6826666666666666,1.5,1,0.0246621207433047
754,111.00946155696226,0.6826666666666666,1.5,1,0.033320171360267346
755,111.00946155696226,0.6826666666666666,1.5,1,0.04501777568253076
756,111.00946155696226,0.6826666666666666,1.5,1,0.06082201995573401
757,111.00946155696226,0.6746666666666666,1.5,1,0.08217460892745167
758,111.00946155696226,0.6826666666666666,1.5,1,0.11102338194775797
759,111.00946155696226,0.6586666666666666,1.5,1,0.15
760,111.00946155696226,0.6586666666666667,1.5,2,0.01
761,111.00946155696226,0.6416666666666666,1.5,2,0.013510667516017707
762,111.00946155696226,0.6176666666666666,1.5,2,0.018253813672837616
763,111.00946155696226,0.609,1.5,2,0.0246621207433047
764,111.00946155696226,0.6753333333333333,1.5,2,0.033320171360267346
765,111.00946155696226,0.756,1.5,2,0.04501777568253076
766,111.00946155696226,0.764,1.5,2,0.06082201995573401
767,111.00946155696226,0.772,1.5,2,0.08217460892745167
768,111.00946155696226,0.772,1.5,2,0.11102338194775797
769,111.00946155696226,0.772,1.5,2,0.15
770,111.00946155696226,0.609,1.5,3,0.01
771,111.00946155696226,0.6503333333333333,1.5,3,0.013510667516017707
772,111.00946155696226,0.748,1.5,3,0.018253813672837616
773,111.00946155696226,0.764,1.5,3,0.0246621207433047
774,111.00946155696226,0.764,1.5,3,0.033320171360267346
775,111.00946155696226,0.764,1.5,3,0.04501777568253076
776,111.00946155696226,0.764,1.5,3,0.06082201995573401
777,111.00946155696226,0.764,1.5,3,0.08217460892745167
778,111.00946155696226,0.764,1.5,3,0.11102338194775797
779,111.00946155696226,0.7803333333333333,1.5,3,0.15
780,111.00946155696226,0.6826666666666666,3.0,1,0.01
781,111.00946155696226,0.6826666666666666,3.0,1,0.013510667516017707
782,111.00946155696226,0.6826666666666666,3.0,1,0.018253813672837616
783,111.00946155696226,0.6826666666666666,3.0,1,0.0246621207433047
784,111.00946155696226,0.6826666666666666,3.0,1,0.033320171360267346
785,111.00946155696226,0.6746666666666666,3.0,1,0.04501777568253076
786,111.00946155696226,0.6746666666666666,3.0,1,0.06082201995573401
787,111.00946155696226,0.6826666666666666,3.0,1,0.08217460892745167
788,111.00946155696226,0.6746666666666666,3.0,1,0.11102338194775797
789,111.00946155696226,0.6586666666666666,3.0,1,0.15
790,111.00946155696226,0.6666666666666666,3.0,2,0.01
791,111.00946155696226,0.65,3.0,2,0.013510667516017707
792,111.00946155696226,0.6176666666666666,3.0,2,0.018253813672837616
793,111.00946155696226,0.609,3.0,2,0.0246621207433047
794,111.00946155696226,0.667,3.0,2,0.033320171360267346
795,111.00946155696226,0.756,3.0,2,0.04501777568253076
796,111.00946155696226,0.764,3.0,2,0.06082201995573401
797,111.00946155696226,0.764,3.0,2,0.08217460892745167
798,111.00946155696226,0.772,3.0,2,0.11102338194775797
799,111.00946155696226,0.772,3.0,2,0.15
800,111.00946155696226,0.6423333333333333,3.0,3,0.01
801,111.00946155696226,0.748,3.0,3,0.013510667516017707
802,111.00946155696226,0.764,3.0,3,0.018253813672837616
803,111.00946155696226,0.764,3.0,3,0.0246621207433047
804,111.00946155696226,0.764,3.0,3,0.033320171360267346
805,111.00946155696226,0.764,3.0,3,0.04501777568253076
806,111.00946155696226,0.764,3.0,3,0.06082201995573401
807,111.00946155696226,0.764,3.0,3,0.08217460892745167
808,111.00946155696226,0.764,3.0,3,0.11102338194775797
809,111.00946155696226,0.764,3.0,3,0.15
810,200.00000000000003,0.6826666666666666,0.0,1,0.01
811,200.00000000000003,0.6826666666666666,0.0,1,0.013510667516017707
812,200.00000000000003,0.6826666666666666,0.0,1,0.018253813672837616
813,200.00000000000003,0.6826666666666666,0.0,1,0.0246621207433047
814,200.00000000000003,0.6746666666666666,0.0,1,0.033320171360267346
815,200.00000000000003,0.6746666666666666,0.0,1,0.04501777568253076
816,200.00000000000003,0.6826666666666666,0.0,1,0.06082201995573401
817,200.00000000000003,0.6586666666666666,0.0,1,0.08217460892745167
818,200.00000000000003,0.6266666666666667,0.0,1,0.11102338194775797
819,200.00000000000003,0.6266666666666667,0.0,1,0.15
820,200.00000000000003,0.617,0.0,2,0.01
821,200.00000000000003,0.6496666666666667,0.0,2,0.013510667516017707
822,200.00000000000003,0.65,0.0,2,0.018253813672837616
823,200.00000000000003,0.7156666666666667,0.0,2,0.0246621207433047
824,200.00000000000003,0.7803333333333333,0.0,2,0.033320171360267346
825,200.00000000000003,0.7883333333333333,0.0,2,0.04501777568253076
826,200.00000000000003,0.7883333333333333,0.0,2,0.06082201995573401
827,200.00000000000003,0.7883333333333333,0.0,2,0.08217460892745167
828,200.00000000000003,0.7883333333333333,0.0,2,0.11102338194775797
829,200.00000000000003,0.7883333333333333,0.0,2,0.15
830,200.00000000000003,0.584,0.0,3,0.01
831,200.00000000000003,0.584,0.0,3,0.013510667516017707
832,200.00000000000003,0.5846666666666667,0.0,3,0.018253813672837616
833,200.00000000000003,0.6093333333333334,0.0,3,0.0246621207433047
834,200.00000000000003,0.633,0.0,3,0.033320171360267346
835,200.00000000000003,0.658,0.0,3,0.04501777568253076
836,200.00000000000003,0.674,0.0,3,0.06082201995573401
837,200.00000000000003,0.674,0.0,3,0.08217460892745167
838,200.00000000000003,0.674,0.0,3,0.11102338194775797
839,200.00000000000003,0.674,0.0,3,0.15
840,200.00000000000003,0.6826666666666666,1.5,1,0.01
841,200.00000000000003,0.6746666666666666,1.5,1,0.013510667516017707
842,200.00000000000003,0.6826666666666666,1.5,1,0.018253813672837616
843,200.00000000000003,0.6826666666666666,1.5,1,0.0246621207433047
844,200.00000000000003,0.6746666666666666,1.5,1,0.033320171360267346
845,200.00000000000003,0.6826666666666666,1.5,1,0.04501777568253076
846,200.00000000000003,0.6746666666666666,1.5,1,0.06082201995573401
847,200.00000000000003,0.6586666666666666,1.5,1,0.08217460892745167
848,200.00000000000003,0.6346666666666667,1.5,1,0.11102338194775797
849,200.00000000000003,0.6346666666666667,1.5,1,0.15
850,200.00000000000003,0.65,1.5,2,0.01
851,200.00000000000003,0.6176666666666666,1.5,2,0.013510667516017707
852,200.00000000000003,0.609,1.5,2,0.018253813672837616
853,200.00000000000003,0.667,1.5,2,0.0246621207433047
854,200.00000000000003,0.756,1.5,2,0.033320171360267346
855,200.00000000000003,0.764,1.5,2,0.04501777568253076
856,200.00000000000003,0.772,1.5,2,0.06082201995573401
857,200.00000000000003,0.772,1.5,2,0.08217460892745167
858,200.00000000000003,0.772,1.5,2,0.11102338194775797
859,200.00000000000003,0.772,1.5,2,0.15
860,200.00000000000003,0.6503333333333333,1.5,3,0.01
861,200.00000000000003,0.748,1.5,3,0.013510667516017707
862,200.00000000000003,0.764,1.5,3,0.018253813672837616
863,200.00000000000003,0.764,1.5,3,0.0246621207433047
864,200.00000000000003,0.764,1.5,3,0.033320171360267346
865,200.00000000000003,0.764,1.5,3,0.04501777568253076
866,200.00000000000003,0.764,1.5,3,0.06082201995573401
867,200.00000000000003,0.764,1.5,3,0.08217460892745167
868,200.00000000000003,0.764,1.5,3,0.11102338194775797
869,200.00000000000003,0.7803333333333333,1.5,3,0.15
870,200.00000000000003,0.6826666666666666,3.0,1,0.01
871,200.00000000000003,0.6826666666666666,3.0,1,0.013510667516017707
872,200.00000000000003,0.6826666666666666,3.0,1,0.018253813672837616
873,200.00000000000003,0.6826666666666666,3.0,1,0.0246621207433047
874,200.00000000000003,0.6746666666666666,3.0,1,0.033320171360267346
875,200.00000000000003,0.6746666666666666,3.0,1,0.04501777568253076
876,200.00000000000003,0.6746666666666666,3.0,1,0.06082201995573401
877,200.00000000000003,0.6586666666666666,3.0,1,0.08217460892745167
878,200.00000000000003,0.6346666666666667,3.0,1,0.11102338194775797
879,200.00000000000003,0.6266666666666667,3.0,1,0.15
880,200.00000000000003,0.6583333333333333,3.0,2,0.01
881,200.00000000000003,0.6176666666666666,3.0,2,0.013510667516017707
882,200.00000000000003,0.609,3.0,2,0.018253813672837616
883,200.00000000000003,0.667,3.0,2,0.0246621207433047
884,200.00000000000003,0.756,3.0,2,0.033320171360267346
885,200.00000000000003,0.764,3.0,2,0.04501777568253076
886,200.00000000000003,0.764,3.0,2,0.06082201995573401
887,200.00000000000003,0.764,3.0,2,0.08217460892745167
888,200.00000000000003,0.772,3.0,2,0.11102338194775797
889,200.00000000000003,0.772,3.0,2,0.15
890,200.00000000000003,0.748,3.0,3,0.01
891,200.00000000000003,0.764,3.0,3,0.013510667516017707
892,200.00000000000003,0.764,3.0,3,0.018253813672837616
893,200.00000000000003,0.764,3.0,3,0.0246621207433047
894,200.00000000000003,0.764,3.0,3,0.033320171360267346
895,200.00000000000003,0.764,3.0,3,0.04501777568253076
896,200.00000000000003,0.764,3.0,3,0.06082201995573401
897,200.00000000000003,0.764,3.0,3,0.08217460892745167
898,200.00000000000003,0.764,3.0,3,0.11102338194775797
899,200.00000000000003,0.764,3.0,3,0.15
